{
  ".": 5,
  "[PAD]": 49,
  "[UNK]": 48,
  "|": 31,
  "،": 41,
  "؛": 38,
  "ء": 15,
  "آ": 28,
  "أ": 8,
  "ؤ": 36,
  "إ": 10,
  "ئ": 20,
  "ا": 30,
  "ب": 6,
  "ة": 1,
  "ت": 22,
  "ث": 40,
  "ج": 35,
  "ح": 16,
  "خ": 13,
  "د": 34,
  "ذ": 24,
  "ر": 14,
  "ز": 32,
  "س": 42,
  "ش": 43,
  "ص": 37,
  "ض": 25,
  "ط": 18,
  "ظ": 9,
  "ع": 39,
  "غ": 0,
  "ف": 47,
  "ق": 33,
  "ك": 2,
  "ل": 46,
  "م": 4,
  "ن": 26,
  "ه": 44,
  "و": 21,
  "ى": 3,
  "ي": 45,
  "ً": 29,
  "ٌ": 27,
  "ٍ": 23,
  "َ": 11,
  "ُ": 7,
  "ِ": 19,
  "ّ": 17,
  "ْ": 12
}
